asset_id;name;latitude;longitude;country;production;firm
M0464;Adasa Coal Mine;21,347003;78,953545;India;0,715;Coal India Ltd [100.0%]
M0465;Adriyala Coal Mine;18,6648;79,579;India;1,7;The Singareni Collieries Co Ltd [100%]
M0466;AKK Coal Mine;23,7905;85,9198;India;5,35;Coal India Ltd [100.0%]
M0467;Amadand Coal Mine;23,157942;82,061533;India;3,32;Coal India Ltd [100.0%]
M0468;Amalgamated Keshalpur-West Mudidih (AKWMC) Coal Mine;23,8078;86,3221;India;3,14;Coal India Ltd [100.0%]
M0469;Amalgamated Yekona I and II Coal Mines;20,228333;78,9166666;India;2,77;Coal India Ltd [100.0%]
M0471;Amelia North Coal Mine;24,1346;82,4264;India;3,92;Jaiprakash Power Ventures Ltd [100%]
M0472;Amlai Coal Mine;23,167675;81,59593;India;1,73;Coal India Ltd [100.0%]
M0474;Amlohri Coal Mine;24,134;82,593;India;15;Coal India Ltd [100.0%]
M0475;Amrapali Coal Mine;23,889479;85,00171;India;22,59;Coal India Ltd [100.0%]
M0476;Ananta Coal Mine;20,943609;85,163715;India;19,3;Coal India Ltd [100.0%]
M0477;Ashoka Coal Mine;23,724268;85,037525;India;9,85;Coal India Ltd [100.0%]
M0478;Balaram Coal Mine;20,962009;85,178092;India;7,06;Coal India Ltd [100.0%]
M0479;Baroud Coal Mine;22,268463;83,345538;India;1,17;Coal India Ltd [100.0%]
M0481;Basundhara (West) Coal Mine;22,059284;83,7304;India;0,95;Coal India Ltd [100.0%]
M0483;Belpahar Coal Mine;21,75;83,8417;India;8,98;Coal India Ltd [100.0%]
M0484;Bharatpur Coal Mine;20,95753;85,128911;India;11,3;Coal India Ltd [100.0%]
M0485;Bhatadi Coal Mine;20,05738;79,267357;India;0,85;Coal India Ltd [100.0%]
M0486;Bhubaneswari Coal Mine;20,961693;85,160099;India;23,46;Coal India Ltd [100.0%]
M0487;Bijari Coal Mine;22,2471;83,382797;India;1,47;Coal India Ltd [100.0%]
M0488;Bina Coal Mine;24,1483;82,7476;India;10,5;Coal India Ltd [100.0%]
M0489;Block II (BOCP) Coal Mine;23,75722302;86,79445561;India;5,35;Coal India Ltd [100.0%]
M0490;Block-B Coal Mine;24,17502419;82,56028175;India;5,47;Coal India Ltd [100.0%]
M0493;Chhal Coal Mine;22,100202;83,110483;India;6,24;Coal India Ltd [100.0%]
M0494;Chirimiri Coal Mine;23,183958;82,336684;India;0,98;Coal India Ltd [100.0%]
M0495;Chitra East Coal Mine;24,119;86,8636;India;1,75;Coal India Ltd [100.0%]
M0496;Chotia Coal Mine;22,780896;82,476655;India;1;"Vedanta Ltd [51.0%]; Government of India [49.0%]"
M0508;Dabor Coal Mine;23,789723;86,915206;India;0,33;Coal India Ltd [100.0%]
M0513;Dipka Coal Mine;22,345077;82,544192;India;33,24;Coal India Ltd [100.0%]
M0514;Dudhichua Coal Mine;24,16474;82,67287;India;25;Coal India Ltd [100.0%]
M0515;Dulanga Coal Mine;21,951705;83,807564;India;7;NTPC Ltd [100%]
M0517;Durgapur Coal Mine;20,0081;79,2989;India;2,5;Coal India Ltd [100.0%]
M0518;Ena Coal Mine;23,7568;86,4094;India;3,02;Coal India Ltd [100.0%]
M0520;Gare Palma IV 1 Coal Mine;22,11866;83,53358;India;5,66;Jindal Steel & Power Ltd [100%]
M0522;Gare Palma IV 7 Coal Mine;22,11866;83,53358;India;1,44;Sarda Energy & Minerals Ltd [100%]
M0523;Gare Palma IV 8 Coal Mine;22,11866;83,53358;India;1;Ambuja Cements Ltd [100%]
M0524;Garjanbahal Coal Mine;22,034519;83,74266;India;23,13;Coal India Ltd [100.0%]
M0527;Gevra Coal Mine;22,336312;82,545748;India;59,11;Coal India Ltd [100.0%]
M0528;Gokul Coal Mine;20,6697222;79,29638889;India;1,81;Coal India Ltd [100.0%]
M0529;Gondegaon-Ghatrohana Coal Mine;21,26629731;79,19242476;India;3,53;Coal India Ltd [100.0%]
M0532;Gouthamkhani Coal Mine;17,2615;80,3738;India;0,127;The Singareni Collieries Co Ltd [100%]
M0533;Hingula-II Coal Mine;20,966051;85,01637;India;12,54;Coal India Ltd [100.0%]
M0534;Indaram Coal Mine Project;18,775;79,46666667;India;1,22;The Singareni Collieries Co Ltd [100%]
M0536;Itapara Coal Mine;23,7879;86,9786;India;0,2;Coal India Ltd [100.0%]
M0537;Jagannath Coal Mine;20,949857;85,147665;India;7,4;Coal India Ltd [100.0%]
M0539;Jamkhani Coal Mine;22,105539;83,592888;India;2,11;Vedanta Ltd [100%]
M0540;Jampali Coal Mine;22,2713889;83,2811;India;1,37;Coal India Ltd [100.0%]
M0541;Jawaharkhani 5 Coal Mine;17,5783;80,3225;India;1,88;The Singareni Collieries Co Ltd [100%]
M0542;Jayant Coal Mine;24,1583;82,6546;India;30;Coal India Ltd [100.0%]
M0543;Jhanjra Coal Mine;23,665321;87,313146;India;2,68;Coal India Ltd [100.0%]
M0545;Jhingurda Coal Mine;24,212132;82,698427;India;3,34;Coal India Ltd [100.0%]
M0547;JVR II Coal Mine;17,20352062;80,79833151;India;4,76;The Singareni Collieries Co Ltd [100%]
M0551;Kalyani Khani Coal Mine;19,01;79,4651;India;1,77;The Singareni Collieries Co Ltd [100%]
M0552;Gopalji Kaniha Coal Mine;21,095844;85,079292;India;12,35;Coal India Ltd [100.0%]
M0553;Kapurdi Coal Mine;25,9423;71,344253;India;4,64;Rajasthan State Minerals and Mining [100%]
M0555;Karo Coal Mine;23,791654;85,973236;India;1,31;Coal India Ltd [100.0%]
M0556;Khadia Coal Mine;24,1318;82,7144;India;15;Coal India Ltd [100.0%]
M0557;Khairagura Coal Mine;19,2555556;79,26666667;India;3,75;The Singareni Collieries Co Ltd [100%]
M0559;Kuya Coal Mine;23,7363;86,4498;India;2,84;Coal India Ltd [100.0%]
M0560;Konar Coal Mine;24,155314;86,303182;India;5,35;Coal India Ltd [100.0%]
M0561;Koyagudem Coal Mines;17,6258;80,4845;India;3,44;The Singareni Collieries Co Ltd [100%]
M0562;Krishnashila Coal Mine;24,12435195;82,74250031;India;7,5;Coal India Ltd [100.0%]
M0563;Kulda Coal Mine;22,033526;83,734846;India;21,05;Coal India Ltd [100.0%]
M0564;Kusmunda Coal Mine;22,332635;82,666666;India;49,97;Coal India Ltd [100.0%]
M0565;Lajkura Coal Mine;21,814345;83,901262;India;4,36;Coal India Ltd [100.0%]
M0566;Lakhanpur Coal Mine;21,7451;83,8401;India;21,09;Coal India Ltd [100.0%]
M0567;Lingaraj Coal Mine;20,960432;85,200747;India;17,43;Coal India Ltd [100.0%]
M0569;Magadh Coal Mine;23,889479;85,00171;India;20,02;Coal India Ltd [100.0%]
M0571;Dinesh (Makardhokra-III) Coal Mine;20,8764;79,2235;India;4,42;Coal India Ltd [100.0%]
M0573;Mangrol Valia Coal Mine;21,4167;73,1;India;2,53;Gujarat Industries Power Co Ltd [100%]
M0574;Manikpur Coal Mine;22,32047888;82,71690602;India;5,35;Coal India Ltd [100.0%]
M0579;Mohanpur Coal Mine;23,786678;86,950299;India;2;Coal India Ltd [100.0%]
M0580;Moher Amlohri Coal Mine;24,135;82,599444;India;18,28;Sasan Power Ltd [100%]
M0581;Mungoli Nirguda Coal Mine;19,894046;79,115559;India;5,23;Coal India Ltd [100.0%]
M0583;N.T.S.T. Jeenagora Coal Mine;23,7028;86,4403;India;4,79;Coal India Ltd [100.0%]
M0585;New Majri Coal Mine;20,13479;79,021365;India;1,52;Coal India Ltd [100.0%]
M0587;Neyveli I A Coal Mine;11,57352;79,51781;India;5,59;NLC India Ltd [100%]
M0588;Neyveli I Coal Mine;11,571182;79,503738;India;7;NLC India Ltd [100%]
M0589;Neyveli II Coal Mine;11,520268;79,475537;India;8,97;NLC India Ltd [100%]
M0591;Nigahi Coal Mine;24,135;82,599444;India;22,5;Coal India Ltd [100.0%]
M0593;Niljai Coal Mine;19,9957;79,0825;India;4,47;Coal India Ltd [100.0%]
M0594;North Tisra, South Tisra Coal Mine;23,729089;86,4431996;India;6,05;Coal India Ltd [100.0%]
M0595;North Urimari Birsa Coal Mine;23,701948;85,293923;India;4,2;Coal India Ltd [100.0%]
M0598;Pachhwara (North) Coal Mine;24,474744;87,476437;India;13,7;The West Bengal Power Development Corp Ltd [100%]
M0601;Pakri Barwadih Coal Mine;23,881918;85,233799;India;16,3;NTPC Ltd [100%]
M0604;Parsa East And Kanta Basan Coal Mine;22,83795;82,81401;India;6,7;Rajasthan Rajya Vidyut Utpadan Nigam Ltd [100%]
M0606;Penganga Coal Mine;19,862222;79,139166;India;4,79;Coal India Ltd [100.0%]
M0607;Muraidi Phularitand Coal Mine;23,781738;86,227241;India;2;Coal India Ltd [100.0%]
M0611;Purnadih Coal Mine;23,7083;84,9861;India;0,6;Coal India Ltd [100.0%]
M0617;Rajmahal Coal Mine;25,038;87,3538;India;12,06;Coal India Ltd [100.0%]
M0618;Ramagundam I Coal Mine;18,666357;79,539274;India;3,69;The Singareni Collieries Co Ltd [100%]
M0619;Ramagundam II Coal Mine;18,6782;79,5406;India;2,22;The Singareni Collieries Co Ltd [100%]
M0620;Ramagundam III Coal Mine;18,6976;79,5352;India;8,16;The Singareni Collieries Co Ltd [100%]
M0622;Religara Coal Mine;23,8617;85,5569;India;0,5;Coal India Ltd [100.0%]
M0623;Rohini Coal Mine;23,685074;84,989074;India;0,31;Coal India Ltd [100.0%]
M0624;Rohini Karkatta Coal Mine;23,685074;84,989074;India;0,31;Coal India Ltd [100.0%]
M0626;Samleswari Coal Mine;21,805789;83,903847;India;7,73;Coal India Ltd [100.0%]
M0628;Sarisatolli Coal Mine;23,799677;87,045467;India;1,29;RPSG Group [100%]
M0629;Sasti OC Coal Mine;19,81311025;79,3183321;India;1,89;Coal India Ltd [100.0%]
M0630;Selected Dhori Group of Mines;23,775;85,5417;India;1,87;Coal India Ltd [100.0%]
M0631;Sendra Bansjora Coal Mine;23,793355;86,35049;India;0,6008;Coal India Ltd [100.0%]
M0632;Siarmal Coal Mine;22,043469;83,733619;India;6;Coal India Ltd [100.0%]
M0633;Singhori Coal Mine;21,276666;79,1275;India;1,2;Coal India Ltd [100.0%]
M0634;Sonepur Bazari Coal Mine;23,688231;87,223763;India;12,39;Coal India Ltd [100.0%]
M0636;Tadicherla Coal Mine;18,523763;79,749677;India;2,5;Telangana State Power Generation Corp Ltd [100%]
M0637;Tadkeshwar Lignite Mine;21,357159;73,06986;India;0,03;Gujarat Mineral Development Co Ltd [100%]
M0640;Talaipalli Coal Mine;22,17758;83,355201;India;7,22;NTPC Ltd [100%]
M0642;Tetariakhar Coal Mine;23,708769;84,98655;India;0,91;Coal India Ltd [100.0%]
M0644;Tubed Coal Mine;23,82119;84,57721;India;1,25;Damodar Valley Corp [100%]
M0645;Ukni Deep Coal Mine;20,020678;79,0678333;India;1,83;Coal India Ltd [100.0%]
M0647;Umrer Coal Mine;20,845833;79,271666;India;3,09;Coal India Ltd [100.0%]
M0649;West Bokaro Coal Mine;23,7927473;85,55423096;India;6,5;Tata Steel Ltd [100%]
M1361;Barsingsar Coal Mine;27,829491;73,220464;India;2,1;NLC India Ltd [100%]
M1365;Govindpur Coal Mine;23,803195;85,866553;India;0,03;Coal India Ltd [100.0%]
M1367;Topa Coal Mine;23,739119;85,486353;India;0,82;Coal India Ltd [100.0%]
M1637;Amaglmated Block IV-Kooridih-Govindpur Coal Mine;23,800453;86,276944;India;0,228;Coal India Ltd [100.0%]
M1640;Amgaon Coal Mine;21,884318;82,79865;India;0,74;Coal India Ltd [100.0%]
M1641;Amritnaga Coal Mine;23,650069;87,071513;India;0,052;Coal India Ltd [100.0%]
M1643;Ardhagram Coal Mine;23,587449;87,085853;India;0,4;OCL Iron & Steel [100%]
M1644;Badjna Coal Mine;23,800306;86,695665;India;0,106;Coal India Ltd [100.0%]
M1646;Bahula Coal Mine;23,654318;87,188096;India;0,076;Coal India Ltd [100.0%]
M1647;Balgi Coal Mine;22,353611;82,61666;India;0,008;Coal India Ltd [100.0%]
M1648;Balrampur Coal Mine;23,229703;83,010222;India;0,1;Coal India Ltd [100.0%]
M1649;Bangwar Coal Mine;23,151647;81,538768;India;0,65;Coal India Ltd [100.0%]
M1650;Bankola Coal Mine;23,659201;87,236639;India;0,237;Coal India Ltd [100.0%]
M1651;Bansdeopur Coal Mine;23,799105;86,325068;India;0,1402;Coal India Ltd [100.0%]
M1652;Bansra Coal Mine;23,642317;87,139259;India;0,153;Coal India Ltd [100.0%]
M1654;Barmuri Coal Mine;23,782796;86,718731;India;0,503;Coal India Ltd [100.0%]
M1655;Bartarai Coal Mine;23,136999;82,065634;India;0,16;Coal India Ltd [100.0%]
M1656;Basantimata Coal Mine;23,730779;86,756071;India;0,546;Coal India Ltd [100.0%]
M1659;Behraband Coal Mine;23,282233;82,093922;India;0,56;Coal India Ltd [100.0%]
M1661;Bellora-Naigaon Coal Mine;19,976764;79,088501;India;0,94;Coal India Ltd [100.0%]
M1662;Bhadra Coal Mine;23,189078;81,932398;India;0,13;Coal India Ltd [100.0%]
M1663;Bhatgaon Coal Mine;23,37063;82,99223;India;0,2;Coal India Ltd [100.0%]
M1664;Bhurkunda Coal Mine;23,657086;85,365226;India;0,41;Coal India Ltd [100.0%]
M1666;Bijuri Coal Mine;23,259109;82,122784;India;0,14;Coal India Ltd [100.0%]
M1669;Chasnala Coal Mine;23,658882;86,449764;India;0,37;Steel Authority of India Ltd [100%]
M1672;Churcha RO Coal Mine;23,335952;82,519611;India;1,07;Coal India Ltd [100.0%]
M1673;Damini Coal Mine;23,141744;81,470502;India;0,35;Coal India Ltd [100.0%]
M1674;Dhelwadih Coal Mine;22,461705;82,563349;India;0,15;Coal India Ltd [100.0%]
M1677;Godavarikhani Coal Mines;18,745558;79,508334;India;3,51;The Singareni Collieries Co Ltd [100%]
M1680;Haldibari Coal Mine;23,223784;82,149577;India;0,66;Coal India Ltd [100.0%]
M1684;Jamuna UG Coal Mine;23,16815;81,942397;India;0,18;Coal India Ltd [100.0%]
M1686;Jharia Coal Mine;23,708161;86,400024;India;0,68;Tata Steel Ltd [100%]
M1687;Jhilmili Coal Mine;23,350314;82,728807;India;0,31;Coal India Ltd [100.0%]
M1690;Junad Coal Mine;20,058148;79,052317;India;0,74;Coal India Ltd [100.0%]
M1691;Kakatiya Khani-1 & 1A Coal Mine;18,465613;79,840804;India;0,221;The Singareni Collieries Co Ltd [100%]
M1693;Kakatiya Khani-3 Coal Mine;18,434261;79,857403;India;0,09;The Singareni Collieries Co Ltd [100%]
M1694;Kakatiya Khani-5 &5A Coal Mine;18,433594;79,858582;India;0,208;The Singareni Collieries Co Ltd [100%]
M1695;Kakatiya Khani-6 & 6A Incline;18,465613;79,840804;India;0,12;The Singareni Collieries Co Ltd [100%]
M1697;Kanchan Coal Mine;23,345851;80,871272;India;1,52;Coal India Ltd [100.0%]
M1698;Karkati Coal Mine;23,154677;81,482805;India;0,16;Coal India Ltd [100.0%]
M1699;Kasipet-1 UG Coal Mine;19,03497042;79,43009821;India;0,146;The Singareni Collieries Co Ltd [100%]
M1700;Kathautia Coal Mine;24,132523;84,08231;India;0,18;Hindalco Industries Ltd [100%]
M1701;Katkona Coal Mine;23,359829;82,680745;India;0,25;Coal India Ltd [100.0%]
M1703;Khairaha Coal Mine;23,160448;81,461364;India;0,82;Coal India Ltd [100.0%]
M1704;Kondapuram Coal Mine;17,9377778;79,34805556;India;0,06;The Singareni Collieries Co Ltd [100%]
M1705;Kurasia Coal Mine;23,178488;82,368221;India;0,2;Coal India Ltd [100.0%]
M1708;Makardhokra I Coal Mine;20,865366;79,285604;India;4,2;Coal India Ltd [100.0%]
M1711;Meera Coal Mine;23,186224;81,986798;India;0,08;Coal India Ltd [100.0%]
M1714;Nawapara Coal Mine;23,3666667;83,09805556;India;0,12;Coal India Ltd [100.0%]
M1715;Nawrozabad Coal Mine;23,356253;80,973834;India;0,1;Coal India Ltd [100.0%]
M1716;NCPH Coal Mine;23,194568;82,348931;India;0,24;Coal India Ltd [100.0%]
M1717;New Majri II A Coal Mine;20,119062;79,032223;India;2,47;Coal India Ltd [100.0%]
M1718;Pandavpara Coal Mine;23,350314;82,728807;India;0,275;Coal India Ltd [100.0%]
M1720;Rajgamar Coal Mine;22,390649;82,824423;India;0,15;Coal India Ltd [100.0%]
M1721;Rajnagar Coal Mine;23,208097;82,123782;India;0,19;Coal India Ltd [100.0%]
M1722;Rajrappa Coal Mine;23,615;85,682;India;1,32;Coal India Ltd [100.0%]
M1723;Ramkrishnapur Coal Mine;18,9030556;79,46583333;India;1,87;The Singareni Collieries Co Ltd [100%]
M1724;Ramnagar Coal Mine;23,756027;86,835903;India;0,57;Steel Authority of India Ltd [100%]
M1725;Rani Atari Coal Mine;22,86476;82,2987;India;0,5;Coal India Ltd [100.0%]
M1726;Ravindrakhani-5 Coal Mine;18,88;79,50222222;India;0,277;The Singareni Collieries Co Ltd [100%]
M1727;Ravindrakhani-6 Coal Mine;18,8647222;79,51138889;India;0,194;The Singareni Collieries Co Ltd [100%]
M1728;Ravindrakhani-7 Coal Mine;18,8716667;79,52055556;India;0,33;The Singareni Collieries Co Ltd [100%]
M1729;Ravindrakhani-NT Coal Mine;18,8411111;79,21666667;India;0,161;The Singareni Collieries Co Ltd [100%]
M1730;Rehar Coal Mine;23,101101;82,927943;India;0,07;Coal India Ltd [100.0%]
M1731;Saoner Coal Mine;21,358103;78,930266;India;0,505;Coal India Ltd [100.0%]
M1732;Saraipali Coal Mine;22,35732;82,296358;India;2;Coal India Ltd [100.0%]
M1733;Shanthikhani Coal Mine;19,0177778;79,51083333;India;0,067;The Singareni Collieries Co Ltd [100%]
M1734;Sharda Coal Mine;23,208242;81,589781;India;0,66;Coal India Ltd [100.0%]
M1735;Sheetaldhara-Kurja and Kapidhara Coal Mines;23,239816;82,112069;India;0,8;Coal India Ltd [100.0%]
M1737;Sial Gjogri Coal Mine;22,192428;78,77264;India;0,33;Birla Corp Ltd [100%]
M1738;Sikni Coal Mine;23,722988;84,611313;India;0,23;Jharkhand State Mineral Development Corporation Limited (JSMDCL) [100%]
M1739;Singhali Coal Mine;22,440833;82,567983;India;0,122;Coal India Ltd [100.0%]
M1740;Srirampur-II Coal Mine;18,8177778;79,48055556;India;3,17;The Singareni Collieries Co Ltd [100%]
M1741;Srirampur-III & III A Coal Mine;18,75;79,25;India;0,23;The Singareni Collieries Co Ltd [100%]
M1745;Talabira II & III Coal Mines;21,734804;83,989432;India;12,64;NLC India Ltd [100%]
M1746;Talcher UG Coal Mine;20,962009;85,178092;India;0,36;Coal India Ltd [100.0%]
M1747;Tawa Coal Mine;22,137615;78,170928;India;0,414;Coal India Ltd [100.0%]
M1750;Umaria Coal Mine;23,5;80,83;India;0,117;Coal India Ltd [100.0%]
M1751;Vakilpalli Coal Mine;17,4869444;80,65777778;India;2,1;The Singareni Collieries Co Ltd [100%]
M1753;Vijay Coal Mine;22,854326;82,32114;India;0,5;Coal India Ltd [100.0%]
M1754;Vindhya Coal Mine;23,335615;80,906108;India;0,465;Coal India Ltd [100.0%]
M1755;West Jhagrakhand Coal Mine;23,197211;82,161616;India;0,12;Coal India Ltd [100.0%]
M2498;Urimari Open Cast Coal Mine;23,698717;85,293249;India;0,76;Coal India Ltd [100.0%]
M2500;Khotadih Coal Mine;23,7244;87,233;India;1,35;Coal India Ltd [100.0%]
M2502;New Akashkinaree Coal Mine;23,802565;86,278261;India;0,688;Coal India Ltd [100.0%]
M2503;Umarsar Lignite Mine;23,73149782;68,81926985;India;1,41;Gujarat Mineral Development Co Ltd [100%]
M2505;Amalgamated Amlo Dhori Open Cast Mine;23,76663448;85,98552098;India;2,59;Coal India Ltd [100.0%]
M2511;Kakri Coal Mine;24,1709;82,7562;India;2,26;Coal India Ltd [100.0%]
M2512;Paoni-Il Coal Mine;19,82705027;79,25526677;India;3,24;Coal India Ltd [100.0%]
M2513;Rajapur-South Jharia Coal Mine;23,74879601;86,42139246;India;2,17;Coal India Ltd [100.0%]
M2515;Mata No Madh Lignite Coal Mine;23,510726;68,958531;India;3,23;State of Gujarat [100%]
M2543;Sirka Coal Mine;23,691032;85,355135;India;0,02;Coal India Ltd [100.0%]
M2588;Saunda-D Coal Mine;23,659463;85,337532;India;0,17;Coal India Ltd [100.0%]
M2598;Mudidih Coal Mine;23,74128;86,35299;India;0,823;Coal India Ltd [100.0%]
M2601;Ningah Coal Mine;23,6743;87,0333;India;0,0171;Coal India Ltd [100.0%]
M2602;Gopalichak Coal Mine;23,77983;86,343243;India;0,17;Coal India Ltd [100.0%]
M2616;Maheshpur Coal Mine;23,786246;86,25564;India;0,04;Coal India Ltd [100.0%]
M2617;Bhagabandh Coal Mine;23,741464;86,386103;India;0,02;Coal India Ltd [100.0%]
M2618;Kharkharee Colliery;23,777233;86,239083;India;0,005;Coal India Ltd [100.0%]
M2623;Kumardhubi Coal Mine;23,7761;86,7274;India;0,02;Coal India Ltd [100.0%]
M2624;Bejdih Coal Mine;23,6935;86,8753;India;0,038;Coal India Ltd [100.0%]
M2625;Chapuikhas Colliery;23,6545;87,0449;India;0,0238;Coal India Ltd [100.0%]
M2626;Patmohana Coal Mine;23,6853;86,8903;India;0,046;Coal India Ltd [100.0%]
M2634;Khoodia Coal Mine;23,773738;86,729687;India;0,025;Coal India Ltd [100.0%]
M2635;Maohusudanpur 7 Pit & Incline Coal Mine;23,6338;87,2037;India;0,018;Coal India Ltd [100.0%]
M2636;Methani Coal Mine;23,6946;86,8902;India;0,054;Coal India Ltd [100.0%]
M2637;Jogidih Coal Mine;23,808718;86,257656;India;0,02;Coal India Ltd [100.0%]
M2643;Dhemonmain Coal Mine;23,7046;86,9087;India;0,047;Coal India Ltd [100.0%]
M2644;CL Jambad Coal Mine;23,65457;87,197937;India;0,058;Coal India Ltd [100.0%]
M2650;Khadsaliya Lignite Mine;21,6259;72,2397;India;0,169;GHCL Ltd [100%]
M2653;Dubeshwari OC Coal Mine;23,660393;86,821519;India;0,05;Coal India Ltd [100.0%]
M2654;Hariajam Coal Mine;23,792582;86,690235;India;0,047;Coal India Ltd [100.0%]
M2655;Chinakuri III Coal Mine;23,6853;86,8596;India;0,068;Coal India Ltd [100.0%]
M2656;Narsamunda Coal Mine;23,6901;86,9149;India;0,053;Coal India Ltd [100.0%]
M2658;Parbelia Coal Mine;23,677978;86,826699;India;0,043;Coal India Ltd [100.0%]
M2665;Tikak Colliery;27,283288;95,733648;India;0,07;Coal India Ltd [100.0%]
M2666;Piparia Coal Mine;23,508797;80,867107;India;0,11;Coal India Ltd [100.0%]
M2667;Patansaongi Coal Mine;21,32306943;79,04498757;India;0,0386;Coal India Ltd [100.0%]
M2668;Central Kajora Coal Mine;23,600612;87,187419;India;0,071;Coal India Ltd [100.0%]
M2669;Satgram Coal Mine;23,6827;87,0703;India;0,022;Coal India Ltd [100.0%]
M2670;Lower Kenda Coal Mine;23,650379;87,183894;India;0,07;Coal India Ltd [100.0%]
M2671;Khandra Coal Mine;23,641359;87,222658;India;0,135;Coal India Ltd [100.0%]
M2687;Kumda 7&8 Coal Mine;23,2074;83,0056;India;0,02;Coal India Ltd [100.0%]
M2692;Manoerboni & South Samlaamalgateo Coal Mine;23,7112;87,314;India;0,099;Coal India Ltd [100.0%]
M2695;Nandira Coal Mine;20,92738;85,124509;India;0,06;Coal India Ltd [100.0%]
M2697;Jagannathpur Coal Mine;23,3704;83,215;India;3,91;Coal India Ltd [100.0%]
M2698;Kumardihi A Coal Mine;23,682205;87,276089;India;0,135;Coal India Ltd [100.0%]
M2699;Kalidaspur Coal Mine;23,650069;87,071513;India;0,06;Coal India Ltd [100.0%]
M2701;Siduli Coal Mine;23,649929;87,2091;India;0,078;Coal India Ltd [100.0%]
M2707;Dhori- Khas Coal Mine;23,781699;86,013284;India;0,1;Coal India Ltd [100.0%]
M2708;Ballarpur UG Coal Mine;19,84253529;79,34803771;India;0,12;Coal India Ltd [100.0%]
M2709;Mahadevpuri Coal Mine;22,1806;78,7698;India;0,13;Coal India Ltd [100.0%]
M2717;Gidi - A Open Cast Coal Mine;23,691251;85,359806;India;0,23;Coal India Ltd [100.0%]
M2718;Sasti UG Coal Mine;19,81736786;79,3363936;India;0,04;Coal India Ltd [100.0%]
M2719;Kunustoria Coal Mine;23,649796;87,13004;India;0,079;Coal India Ltd [100.0%]
M2723;Silewara Colliery;21,2990357;79,12341847;India;0,069;Coal India Ltd [100.0%]
M2727;Kathara Coal Mine;23,775944;85,911907;India;0,29;Coal India Ltd [100.0%]
M2728;JK Nagar Coal Mine;23,650069;87,071513;India;0,171;Coal India Ltd [100.0%]
M2729;Giridih Coal Mine;24,1734;86,2539;India;0,3;Coal India Ltd [100.0%]
M2739;Chora UG Coal Mine;23,672877;87,203167;India;0,04;Coal India Ltd [100.0%]
M2743;KK 5 Inc Coal Mine;18,8278;79,4833;India;0,197;The Singareni Collieries Co Ltd [100%]
M2746;Tilaboni Coal Mine;23,661247;87,275026;India;0,186;Coal India Ltd [100.0%]
M2749;New Kenda Coal Mine;23,6657;87,1624;India;0,097;Coal India Ltd [100.0%]
M2750;Bartunga Hill Coal Mine;23,174;82,335;India;0,02;Coal India Ltd [100.0%]
M2764;Parascole East & West Coal Mine;23,645281;87,186307;India;0,13;Coal India Ltd [100.0%]
M2766;Khas Kajora Coal Mine;23,627811;87,19499;India;0,136;Coal India Ltd [100.0%]
M2770;Chapapur II Coal Mine;23,804826;86,675476;India;0,44;Coal India Ltd [100.0%]
M2771;Nakrakonda Coal Mine;23,679182;87,287229;India;1,51;Coal India Ltd [100.0%]
M2773;Tandsi Coal Mine;22,185722;78,32259627;India;0,06;Coal India Ltd [100.0%]
M2776;Giral Coal Mine;26,0124;71,1347;India;0,19;Rajasthan State Mines and Minerals limited (RSMML) [100%]
M2777;Nirsha OC Patch Coal Mine;23,784425;86,718939;India;0,148;Coal India Ltd [100.0%]
M2791;Rajpura Coal Mine;23,75873451;86,7731741;India;0,076;Coal India Ltd [100.0%]
M2792;Bokaro Opencast Coal Mine;23,787063;85,923633;India;0,31;Coal India Ltd [100.0%]
M2793;Rajur-Bhandewada Coal Mine;20,11356;78,896;India;0,05;Coal India Ltd [100.0%]
M2794;PVK-5 Coal Mine;17,51172416;80,67151956;India;0,206;The Singareni Collieries Co Ltd [100%]
M2800;IK 1A Coal Mine;18,8063;79,5208;India;0,1;The Singareni Collieries Co Ltd [100%]
M2807;Gondudih Khas Kusunda Coal Mine;23,804;86,3773;India;1,5;Coal India Ltd [100.0%]
M2812;Gayatri Coal Mine;23,1097;82,9051;India;0,19;Coal India Ltd [100.0%]
M2816;Shankarpur Coal Mine;23,66654149;87,20491618;India;0,789;Coal India Ltd [100.0%]
M2817;Belgaon Coal Mine;20,329522;78,95774;India;0,15;Sunflag Iron and Steel Co Ltd [100%]
M2821;KTK 8&8A Coal Mine;18,4639;79,8611;India;0,28;The Singareni Collieries Co Ltd [100%]
M2822;Vastan Lignite Mine;21,43101702;73,11261772;India;0,52;Gujarat Industries Power Co Ltd [100%]
M2826;Matasukh & Kasnau Coal Mine;27,03;74,024;India;0,29;Rajasthan State Mines and Minerals limited (RSMML) [100%]
M2831;Marki Mangli Coal Mines;19,83938305;78,80448632;India;0,11;"B.S. Ispat Limited [50%]; Topworth Urja and Metals Ltd [50%]"
M2833;Shiwani Coal Mine;23,3498;83,0743;India;0,18;Coal India Ltd [100.0%]
M2834;Tapin South Coal Mine;23,8329;85,4729;India;1;Coal India Ltd [100.0%]
M2835;Bhowrah (South) Coal Mine;23,681905;86,400533;India;0,7068;Coal India Ltd [100.0%]
M2842;Naheriya Coal Mine;22,28121111;78,98924623;India;0,25;Coal India Ltd [100.0%]
M2844;Nimcha Coal Mine;23,650069;87,071513;India;0,591;Coal India Ltd [100.0%]
M2845;Kottadih Coal Mine;23,726772;87,228519;India;1,35;Coal India Ltd [100.0%]
M2849;Chhatarpur-I Coal Mine;22,15;78,1;India;0,61;Coal India Ltd [100.0%]
M2850;Madhaipur Coal Mine;23,706827;87,35001;India;0,18;Coal India Ltd [100.0%]
M2851;Madhabpur Coal Mine;23,625728;87,176051;India;0,036;Coal India Ltd [100.0%]
M2852;Kankanee Coal Mine;23,795532;86,330604;India;0,334;Coal India Ltd [100.0%]
M2854;Hirakhand Bundia Incline Mine;21,7819;83,9151;India;0,3501;Coal India Ltd [100.0%]
M2855;Kapasara Coal Mine;23,7585;86,7545;India;0,5;Coal India Ltd [100.0%]
M2859;Bonjemehari Coal Mine;23,769704;86,877669;India;0,32;Coal India Ltd [100.0%]
M2868;Mohan Coal Mine;22,1793327;78,67759236;India;0,54;Coal India Ltd [100.0%]
M2873;Churi Coal Mine;23,679012;85,044766;India;0,71;Coal India Ltd [100.0%]
M2874;Karma Coal Mine;23,6505;85,5659;India;0,72;Coal India Ltd [100.0%]
M2875;Tapin Coal Mine;23,798166;85,586162;India;2,21;Coal India Ltd [100.0%]
M2877;Dakra Bukbuka Coal Mine;23,663881;85,000762;India;0,48;Coal India Ltd [100.0%]
M2881;Moonidih Coal Mine;23,740882;86,352473;India;0,63;Coal India Ltd [100.0%]
M2883;East Bassuriya Coal Mine;23,800946;86,371018;India;0,142;Coal India Ltd [100.0%]
M2884;Gare Palma IV 4 Coal Mine;22,15;83,5415;India;0,47;Hindalco Industries Ltd [100%]
M2886;Bhavnagar Lignite Mine;21,67208367;72,23652471;India;1,31;Gujarat Mineral Development Co Ltd [100%]
M2888;Parej East Coal Mine;23,798166;85,586162;India;0,4;Coal India Ltd [100.0%]
M2890;K. D. H. Coal Mine;23,663881;85,000762;India;0,43;Coal India Ltd [100.0%]
M2892;Gouri Deep Coal Mine;19,7741;79,2902;India;0,15;Coal India Ltd [100.0%]
M2893;Ghonsa Coal Mine;19,9647;78,8326;India;0,43;Coal India Ltd [100.0%]
M2896;Nichitpur Coal Mine;23,800305;86,356391;India;1,79;Coal India Ltd [100.0%]
M2897;Ballarpur OC Coal Mine;19,832799;79,34613;India;0,1;Coal India Ltd [100.0%]
M2902;North Searsole (East) Coal Mine;23,66169;87,114053;India;0,64;Coal India Ltd [100.0%]
M2904;Tetulmari Coal Mine;23,80899177;86,34172062;India;0,32;Coal India Ltd [100.0%]
M2909;Bonbahal Coal Mine;23,659607;87,206925;India;0,24;Coal India Ltd [100.0%]
M2910;Bhanegaon Coal Mine;21,2685;79,1574;India;1,1497;Coal India Ltd [100.0%]
M2912;Kolarpimpri Coal Mine;20,0833;79,0333;India;1,49;Coal India Ltd [100.0%]
M2915;Shyamsundarpur Coal Mine;23,648263;87,257514;India;1,08;Coal India Ltd [100.0%]
M2916;Dhansar Coal Mine;23,773116;86,399933;India;0,45;Coal India Ltd [100.0%]
M2919;Jarangdih Coal Mine;23,775944;85,911907;India;1,481;Coal India Ltd [100.0%]
M2962;Jharkhand Coal Mine;23,798166;85,586162;India;0,37;Coal India Ltd [100.0%]
M2963;Jalipa Lignite Block Coal Mine;25,5138;71,2436;India;1,48;"Rajasthan State Mines & Minerals Ltd [51.0%]; Raj WestPower Ltd [49.0%]"
M2964;Rajpardi Lignite Mine;21,70897856;73,22994945;India;0,39;State of Gujarat [100%]
M2966;Gourandih Begunia Coal Mine;23,805;87,02553;India;2,1;Coal India Ltd [100.0%]
M2987;Hura C Coal Mine;25,051986;87,832422;India;0,5;Coal India Ltd [100.0%]
M3010;Orient Mine 1 & 2;21,833822;83,919045;India;0,247;Coal India Ltd [100.0%]
M3013;Surakachhar 3&4 Coal Mine;22,367844;82,63224;India;0,03;Coal India Ltd [100.0%]
M3014;Amalgated Gaslitand Katars Chaitudih Coal Mine;23,80983994;86,29179139;India;0,3;Coal India Ltd [100.0%]
M3015;Kistaram Coal Mine;17,207584;80,801854;India;2;The Singareni Collieries Co Ltd [100%]
M3847;Amelia Coal Mine;24,072448;82,414011;India;1,25;"NTPC Ltd [74.5%]; State of Uttar Pradesh [25.5%]"
M3854;Bajora North Coal Mine;23,45338;87,23919;India;1,5;The West Bengal Power Development Corp Ltd [100%]
M3863;Chatti-Bariatu Coal Mine;24;85,36;India;3,31;NTPC Ltd [100%]
M3888;Manoharpur Coal Mine;21,949917;83,762046;India;8,51;Odisha Power Generation Corp [100%]
M3907;Suliyari Coal Mine;23,927656;82,319079;India;5;AP Mineral Development Corp [100%]
M4425;Amalgamated Inder Kamptee Coal Mine;21,241388;79,229444;India;3,08;Coal India Ltd [100.0%]
M4426;Amalgamated LSMK UG & OC Mine;23,772821;86,7319645;India;0,2;Coal India Ltd [100.0%]
M4427;ASP Coal Mine;23,74133;86,4051593;India;0,411;Coal India Ltd [100.0%]
M4430;Chora 7,9&10 Coal Mine;23,1917713;86,5147689;India;0,16;Coal India Ltd [100.0%]
M4431;Damoda Coal Mine;23,68031;86,147729;India;0,556;Coal India Ltd [100.0%]
M4432;Dhuptala Coal Mine;19,82303037;79,33965616;India;0,7;Coal India Ltd [100.0%]
M4433;Gangaramchak & Gangaramchak-Bhadulia Coal Mine;23,81116575;87,21068432;India;1,5;The West Bengal Power Development Corp Ltd [100%]
M4434;Gare Palma III Coal Mine;22,11866;83,53358;India;4;Chhattisgarh State Power Generation Co Ltd [100%]
M4435;Gare Palma IV 2 & 3 OC Mine;22,13081284;83,52038837;India;1,22;Coal India Ltd [100.0%]
M4436;Gare Palma IV 5 UG Coal Mine;22,13331695;83,51885821;India;0,126;Hindalco Industries Ltd [100%]
M4437;Gare Palma IV 6 Coal Mine;22,11866;83,53358;India;1,8;Jindal Steel & Power Ltd [100%]
M4439;Haripur Group of Mines;23,68781838;87,19714662;India;0,48;Coal India Ltd [100.0%]
M4441;Jhiria UG Coal Mine;22,0101504;82,6666331;India;0,15;Coal India Ltd [100.0%]
M4442;JVR I & II Coal Mine;17,20352062;80,79833151;India;11,07;The Singareni Collieries Co Ltd [100%]
M4443;Kakatiya Khani Open Cast-2 Coal Mine;18,44801529;79,85364474;India;1,5;The Singareni Collieries Co Ltd [100%]
M4444;Kakatiya Khani Opencast-3 Coal Mine;18,434261;79,857403;India;1,37;The Singareni Collieries Co Ltd [100%]
M4445;Khottadih UG Coal Mine;23,7244;87,233;India;0,54;Coal India Ltd [100.0%]
M4446;Koyagudem II Coal Mine;17,62564676;80,48673132;India;3;The Singareni Collieries Co Ltd [100%]
M4447;Kumardih-B UG Coal Mine;23,682205;87,276089;India;1,33;Coal India Ltd [100.0%]
M4449;Manuguru Opencast Coal Mine;17,976;80,8346;India;1,4;The Singareni Collieries Co Ltd [100%]
M4452;Marki Mangli III Coal Mine;19,83938305;78,80448632;India;0,09;B.S. Ispat Ltd [100%]
M4454;Naba Jambad Project;23,643161;87,182493;India;0,58;Coal India Ltd [100.0%]
M4455;Nakrakonda Kumardih B OC Mine;23,68122458;87,26358635;India;2,21;Coal India Ltd [100.0%]
M4457;Pachhwara Central Coal Mine;24,53941629;87,44808185;India;4,63;Punjab State Power Corp Ltd [100%]
M4458;Pandaveswar Dalurband  Coal Mine;23,697576;87,253978;India;1,08;Coal India Ltd [100.0%]
M4459;Parasea Belbaid Coal Mine;23,6040321;87,1144061;India;0,07;Coal India Ltd [100.0%]
M4463;Prakasham Khani OC Coal Mine;17,94321332;80,77821014;India;5,27;The Singareni Collieries Co Ltd [100%]
M4466;Utkal E Coal Mine;21,0862373;84,8722372;India;2;National Aluminium Co Ltd [100%]
M4468;Bicharpur Coal Mine;23,265914;81,343859;India;0,75;Aditya Birla Group
L100000102243;Adani Godda power station;24,814107;87,135465;India;440;Adani Power Ltd [100.0%]
L100000102121;Adani Raigarh Thermal Power Plant;21,743775;83,274093;India;330;Adani Power Ltd [100.0%]
L100000102441;Aditya Aluminium power station;21,740068;84,060592;India;82,5;Hindalco Industries Ltd [100.0%]
L100000102519;Ajmer power station;26,073889;74,385;India;82,5;Shree Cement Ltd [100.0%]
L100000102193;Akrimota Power Project;23,7724998;68,6455556;India;68,75;Gujarat Mineral Development Co Ltd [100.0%]
L100000105017;Ambuja Cements Limited power station;21,67005;82,08339;India;18,15;Ambuja Cements Ltd [100.0%]
L100000102194;Ambujanagar Cement Plant power station;20,835455;70,69554;India;16,5;Ambuja Cements Ltd [100.0%]
L100000102375;Amravati Thermal Power Project;21,080316;77,901242;India;148,5;RattanIndia Power Ltd [100.0%]
L100000102442;Angul power station;21,127044;84,980552;India;330;Jindal Poly Investment & Finance Co Ltd
L100000102443;Angul Smelter power station;20,8490264;85,1902199;India;66;National Aluminium Co Ltd [100.0%]
L100000102444;Angul Steel power station;20,892474;84,99039;India;74,25;Jindal Steel & Power Ltd [100.0%]
L100000102610;Anpara power station;24,202043;82,789128;India;115,5;Uttar Pradesh Rajya Vidyut Utpadan Nigam Ltd [100.0%]
L100000102611;Anpara-C power station;24,203788;82,79733;India;330;LANCO Infratech Ltd [100.0%]
L100000102612;Anpara-D power station;24,196262;82,806342;India;275;Uttar Pradesh Rajya Vidyut Utpadan Nigam Ltd [100.0%]
L100000102318;Anuppur Thermal Power Project;23,073731;81,784286;India;346,5;Blackstone Inc
L100000102123;Arasmeta Cement Plant power station;21,966291;82,340412;India;23,65;KSK Energy Ventures Ltd [100.0%]
L100000102537;ARS Metals Gummidipoondi captive power station;13,423889;80,066111;India;33;ARS Steels & Alloy International Pvt Ltd [100.0%]
L100000102659;Asansol Crescent power station;23,65;88,13;India;22;CESC Ltd [100.0%]
L100000104755;Atul power station;20,537058;72,933282;India;27,5;Atul Ltd [100.0%]
L100000102661;Bakreswar Thermal Power Station;23,8292205;87,451034;India;115,5;The West Bengal Power Development Corp Ltd [100.0%]
L100000102032;Balaji Cement power station;16,283333;81,216667;India;19,25;Jaiprakash Associates Ltd [100.0%]
L100000102125;BALCO Korba power station;22,3930944;82,7439443;India;37,125;"Vedanta Ltd [51.0%]; Government of India [49.0%]"
L100000102377;Ballarpur Bilt Power power station;19,860468;79,339438;India;22;Ballarpur Industries Ltd [100.0%]
L100000102663;Bandel Thermal Power Station;22,995746;88,403815;India;33;The West Bengal Power Development Corp Ltd [100.0%]
L100000102033;Bander power station;14,351195;80,143086;India;363;Tanweer Infrastructure SAOC
L100000102616;Bara Thermal Power Project;25,196345;81,658534;India;363;Jaiprakash Power Ventures Ltd [100.0%]
L100000102127;Baradarha power station;21,911436;83,188863;India;330;Dainik Bhaskar Group [100.0%]
L100000102090;Barauni power station;25,391376;86,023488;India;137,5;Bihar State Power Holding Co Ltd [100.0%]
L100000102448;Barbil Jagannath power station;21,633;85,6;India;16,5;Kamaljeet Singh Ahluwalia Group
L100000102092;Barh I power station;25,4693;85,74516;India;363;NTPC Ltd [100.0%]
L100000102093;Barh II power station;25,4865;85,74516;India;363;NTPC Ltd [100.0%]
L100000102619;Barkhera IPP power station;28,55;80,1;India;24,75;Bajaj Group [100.0%]
L100000102521;Barsingsar Thermal Power Project;27,845022;73,199426;India;68,75;NLC India Ltd [100.0%]
L100000102379;Bela power station;20,80915;79,054892;India;148,5;Tata Power Co Ltd [100.0%]
L100000102293;Bellary Thermal Power Station;15,1931738;76,7195034;India;275;Karnataka Power Corp Ltd [100.0%]
L100000102592;Bhadradri power station;18,027488;80,735645;India;148,5;Telangana State Power Generation Corp Ltd [100.0%]
L100000102197;Bhadreshwar power station (OPG);22,896182;69,896263;India;82,5;OPG Power Ventures PLC [100.0%]
L100000102130;Bhandhakhar power station;22,340954;82,430603;India;165;"Kolahai Infotech Pvt Ltd [55.0%]; ACB (India) Ltd [45.0%]"
L100000102199;Bhavnagar power station;21,583152;72,222179;India;137,5;Gujarat Urja Vikas Nigam Ltd [100.0%]
L100000102384;Bhigwan Mill power station;18,242234;74,752554;India;16,5;Ballarpur Industries Ltd [100.0%]
L100000102132;Bhilai Steel power station;21,184;81,4237;India;16,5;"NTPC Ltd [50.0%]; Steel Authority of India Ltd [50.0%]"
L100000102452;Bhubaneshwar Jasper power station;20,479398;85,74492;India;37,125;Tata Steel Ltd [100.0%]
L100000102385;Bhusawal Thermal Power Station;21,04798;75,85502;India;115,5;MSEB Holding Co Ltd [100.0%]
L100000102324;Bina Thermal Power Project;24,317222;78,133564;India;137,5;Jaiprakash Power Ventures Ltd [100.0%]
L100000102133;Binjkote power station;22,010422;83,205779;India;165;Agritrade Resources Ltd
L100000102250;Bokaro Steel City Thermal Power Station;23,685875;86,092944;India;30,25;"Damodar Valley Corp [50.0%]; Steel Authority of India Ltd [50.0%]"
L100000102248;Bokaro Thermal Power Station;23,782944;85,883391;India;275;Damodar Valley Corp [100.0%]
L100000102085;Bongaigaon power station;26,44437;90,367205;India;137,5;NTPC Ltd [100.0%]
L100000102665;Budge Budge Generating Station;22,470344;88,139949;India;137,5;CESC Ltd [100.0%]
L100000102387;Butibori Power Project;20,928591;78,933281;India;165;Reliance Power Ltd [100.0%]
L100000102539;Cauvery Power Gummidipoondi captive power station;13,423182;80,066316;India;34,65;Kaveri Gas Power Ltd
L100000102137;Chakabura power station;22,393653;82,553249;India;16,5;ACB (India) Ltd [100.0%]
L100000102523;Chanderiya Smelter power station;24,963223;74,668532;India;42,35;Hindustan Zinc Ltd [100.0%]
L100000102388;Chandrapur Thermal Power Station;20,0063;79,29;India;115,5;MSEB Holding Co Ltd [100.0%]
L100000102389;Chandrapur Works power station;20,46;79,8;India;22;ISMT Ltd [100.0%]
L100000102252;Chandrapura power station;23,7412565;86,1202088;India;137,5;Damodar Valley Corp [100.0%]
L100000102540;Chennai power station;13,437422;80,09788;India;42,35;OPG Power Ventures PLC [100.0%]
L100000102524;Chhabra Thermal Power Station;24,62092;77,035439;India;137,5;"NTPC Ltd [50.0%]; Rajasthan Rajya Vidyut Utpadan Nigam Ltd [50.0%]"
L100000102454;Choudwar power station;20,535296;85,910723;India;29,7;Indian Metals and Ferro Alloys Ltd [100.0%]
L100000102622;Chunar Cement power station;25,090885;82,897339;India;20,9;Jaiprakash Associates Ltd [100.0%]
L100000102623;Churk captive power station;24,639104;83,101085;India;33;Jaiprakash Associates Ltd [100.0%]
L100000102542;Cuddalore IL&FS power station;11,5216092;79,7518447;India;330;"Life Insurance Corporation of India Ltd [25.3%]; Abu Dhabi Investment Authority [12.6%]; IL&FS Employees Welfare Trust [12.0%]; ORIX Corp [11.9%]; 24R Advisory Services Pvt Ltd [11.7%]; Housing Development Finance Corp Ltd [9.0%]; Central Bank of India [7.7%]; State Bank of India [6.4%]"
L100000102457;Cuttack Works power station;20,515062;85,76726;India;27,5;Aarti Steels Ltd [100.0%]
L100000102391;Dahanu power station;19,9534834;72,748691;India;137,5;Reliance Infrastructure Ltd [100.0%]
L100000102295;Danapuram BMM power station;15,170332;76,379077;India;52,25;"JSW Projects Ltd [58.5%]; natural person(s) [41.5%]"
L100000102458;Darlipali power station;21,963554;83,89187;India;440;NTPC Ltd [100.0%]
L100000102234;Deenbandhu Chhotu Ram Thermal Power Plant;30,1075175;77,3267646;India;165;Haryana Power Generation Co Ltd [100.0%]
L100000102394;Dhariwal power station;20,010588;79,203433;India;165;CESC Ltd [100.0%]
L100000102142;Dongamahua Captive Power Plant;22,1279449;83,5359192;India;74,25;Jindal Steel & Power Ltd [100.0%]
L100000102038;Dr. Narla Tata Rao Thermal power station;16,5984901;80,5365853;India;115,5;Andhra Pradesh Power Generation Corp Ltd [100.0%]
L100000102143;Dr. Shyama Prasad Mukherjee Thermal Power Station;22,368196;82,721986;India;137,5;Chhattisgarh State Power Generation Co Ltd [100.0%]
L100000102459;Duburi Steel power station;20,960233;86,050308;India;68,75;Jindal Stainless Ltd [100.0%]
L100000102669;Durgapur Projects Limited power station;23,521147;87,302309;India;165;The Durgapur Projects Ltd [100.0%]
L100000102671;Durgapur SAIL power station;23,551805;87,248475;India;33;"NTPC Ltd [50.0%]; Steel Authority of India Ltd [50.0%]"
L100000102672;Durgapur Steel City Andal power station;23,58;87,2043;India;275;Damodar Valley Corp [100.0%]
L100000102040;East Godavari Mill power station;17,300117;82,614386;India;18,7;Andhra Paper Ltd [100.0%]
L100000102673;Farakka power station;24,772729;87,893707;India;110;NTPC Ltd [100.0%]
L100000102626;Feroze Gandhi Unchahar Power Station;25,9137597;81,3272384;India;115,5;NTPC Ltd [100.0%]
L100000104976;GACL-NALCO Dahej Caustic captive power station;21,710191;72,690406;India;35,75;"Gujarat Alkalies & Chemicals Ltd [60.0%]; National Aluminium Co Ltd [40.0%]"
L100000102331;Gadarwara power station (BLA);22,958166;78,732893;India;24,75;BLA Projects Pvt Ltd [100.0%]
L100000102332;Gadarwara Super Thermal Power Project;22,861752;78,866129;India;440;NTPC Ltd [100.0%]
L100000102207;Gandhinagar Thermal Power Station;23,249722;72,673889;India;110;Gujarat Urja Vikas Nigam Ltd [100.0%]
L100000102593;Ganeshpahad Cement power station;16,719583;79,69445;India;21,175;"natural person(s) [62.6%]; P R Cement Holdings Ltd [33.4%]"
L100000102628;Ghatampur power station;25,975;80,1889;India;363;"NLC India Ltd [51.0%]; Uttar Pradesh Rajya Vidyut Utpadan Nigam Ltd [49.0%]"
L100000102402;Ghugus power station;19,92949;79,133159;India;33;Gupta Group
L100000102525;Giral power station;26,045717;71,254096;India;68,75;Rajasthan Rajya Vidyut Utpadan Nigam Ltd [100.0%]
L100000102400;GMR Warora Energy power station;20,279656;78,975351;India;165;GMR Group
L100000102511;Goindwal Sahib Thermal Power Plant;31,38414;75,146503;India;148,5;GVK Power & Infrastructure Ltd [83.4%]
L100000102263;Gola power station;23,48362;85,657485;India;34,65;Inland Group
L100000102548;Gummidipoondi Kamachi power station;13,424018;80,087457;India;19,25;Kamachi Group
L100000102549;Gummidipoondi Suryadev power station;13,384779;80,107416;India;44;Suryadev Alloys & Power Pvt Ltd [100.0%]
L100000102512;Guru Hargobind Lehra Mohabbat Power Station;30,266555;75,166097;India;115,5;Punjab State Power Corp Ltd [100.0%]
L100000102674;Haldia Energy power station;22,060459;88,109748;India;165;CESC Ltd [100.0%]
L100000102630;Harduaganj power station;28,0175;78,13;India;363;Uttar Pradesh Rajya Vidyut Utpadan Nigam Ltd [100.0%]
L100000102148;Hasdeo Thermal Power Station;22,412536;82,682187;India;275;Chhattisgarh State Power Generation Co Ltd [100.0%]
L100000102149;Hathneora Captive Power Plant;22,003538;82,6689;India;89,375;Prakash Industries Ltd [100.0%]
L100000102210;Hazira power station (Essar);21,119078;72,640545;India;74,25;"unknown [19.0%]; Essar Energy Ltd; Triton Trust; Virgo Trust"
L100000104861;Hazira power station (Reliance);21,1592;72,687127;India;49,5;Reliance Industries Ltd
L100000102466;Hirakud Smelter power station;21,529687;83,904569;India;37,125;Hindalco Industries Ltd [100.0%]
L100000104433;Hiranmaye Haldia power station;22,076989;88,098413;India;82,5;Hiranmaye Energy Ltd [100.0%]
L100000102599;HWP Manuguru power station;17,87832;80,848644;India;16,5;Heavy Water Board [100.0%]
L100000102467;Ib Valley Thermal Power Station;21,6897827;83,8601567;India;115,5;Odisha Power Generation Corp Ltd [100.0%]
L100000102237;Indira Gandhi Super Thermal Power Project;28,485091;76,37316;India;275;"NTPC Ltd [50.0%]; Haryana Power Generation Co Ltd [25.0%]; Indraprastha Power Generation Co Ltd [25.0%]"
L100000102265;Jamshedpur Works power station;22,787368;86,200088;India;16,5;Tata Steel Ltd [100.0%]
L100000102632;Jawaharpur Thermal Project;27,497098;78,826071;India;363;Uttar Pradesh Rajya Vidyut Utpadan Nigam Ltd [100.0%]
L100000102338;Jaypee Nigrie Super Thermal Power Project;24,14997;81,904525;India;363;Jaiprakash Power Ventures Ltd [100.0%]
L100000102470;Jharsuguda CPP power station;21,787993;84,054361;India;74,25;Vedanta Inc [100.0%]
L100000102471;Jharsuguda Ind-Barath power station;21,657942;83,919513;India;192,5;"JSW Energy Ltd [95.0%]; unknown [5.0%]"
L100000102472;Jharsuguda Sterlite power station;21,815743;84,042036;India;330;Vedanta Inc [100.0%]
L100001000104;Jojobera Cement Plant power station;22,7531;86,2452;India;16,5;Nuvoco Vistas Corp Ltd
L100000102268;Jojobera Power Plant;22,7554;86,2491;India;37,125;Tata Power Co Ltd [100.0%]
L100000102526;JSW Barmer Jalipa Kapurdi power station;25,895391;71,329871;India;74,25;JSW Energy Ltd [100.0%]
L100000102172;JSW Ispat Raigarh power station;21,987781;83,231306;India;83,05;JSW Ispat Special Products Ltd [100.0%]
L100000102405;JSW Tarapur power station;19,794507;72,740525;India;16,5;JSW Steel Ltd [100.0%]
L100000102303;JSW Vijayanagar Toranagallu power station;15,186771;76,6621387;India;71,5;JSW Energy Ltd [100.0%]
L100000102554;Kagithapuram Mill power station;11,052854;77,995806;India;22;Tamil Nadu Newsprint & Papers Ltd [100.0%]
L100000102104;Kahalgaon Super Thermal Power Plant;25,236903;87,265595;India;115,5;NTPC Ltd [100.0%]
L100000102595;Kakatiya Thermal Power Project;18,3831934;79,8271644;India;275;Telangana State Power Generation Corp Ltd [100.0%]
L100000102474;Kalinganagar Maithan power station;20,85;86,333;India;16,5;Mesco Steel Ltd [100.0%]
L100000102527;Kalisindh Thermal Power Station;24,5325129;76,100353;India;330;Rajasthan Rajya Vidyut Utpadan Nigam Ltd [100.0%]
L100000102476;Kamalanga power station;20,870576;85,266979;India;192,5;"GMR Power and Urban Infra Ltd [69.6%]; GMR Airports Infrastructure Ltd [12.2%]; Claymore Investments (Mauritius) Pte Ltd [11.7%]"
L100000102152;Kasaipalli power station;22,38895;82,5549;India;74,25;ACB (India) Ltd [100.0%]
L100000102153;Katghora power station;22,489779;82,60618;India;19,25;Vandanaa Group
L100000102528;Kawai Thermal Power Project;24,777997;76,737144;India;363;Adani Power Ltd [100.0%]
L100000102635;Khamberkhera IPP power station;27,9;80,8;India;24,75;Bajaj Group [100.0%]
L100000102406;Khaperkheda power station;21,2818;79,116;India;115,5;MSEB Holding Co Ltd [100.0%]
L100000102477;Kharagprasad power station;20,809441;85,288621;India;16,5;Nava Ltd [100.0%]
L100000102345;Khargone power station;22,065169;75,851943;India;363;NTPC Ltd [100.0%]
L100000102407;Khopoli Works power station;18,64;72,88;India;16,5;AM Mining India Pvt Ltd [100.0%]
L100000102272;Koderma Thermal Power Station;24,391534;85,561899;India;275;Damodar Valley Corp [100.0%]
L100000102677;Kolaghat Thermal Power Station;22,416565;87,870984;India;115,5;The West Bengal Power Development Corp Ltd [100.0%]
L100000102411;Koradi Thermal Power Station;21,2359824;79,0919495;India;363;MSEB Holding Co Ltd [100.0%]
L100000102157;Korba Super Thermal Power Station (NTPC);22,3874221;82,6818961;India;110;NTPC Ltd [100.0%]
L100000102529;Kota Complex power station;25,128632;75,883521;India;46,75;DCM Shriram Ltd
L100000102530;Kota power station;25,171014;75,816976;India;60,5;Rajasthan Rajya Vidyut Utpadan Nigam Ltd [100.0%]
L100000102598;Kothagudem Thermal Power Station;17,6219;80,69355;India;137,5;Telangana State Power Generation Corp Ltd [100.0%]
L100000102159;KSK Mahanadi Power Project;21,960296;82,409064;India;330;KSK Energy Ventures Ltd [100.0%]
L100000102306;Kudgi Super Thermal Power Project;16,499546;75,834632;India;440;NTPC Ltd [100.0%]
L100000102637;Kundarki Ipp power station;27,03;82,23;India;24,75;Bajaj Group [100.0%]
L100000102213;Kutch GSECL power station;23,663934;68,784128;India;41,25;Gujarat Urja Vikas Nigam Ltd [100.0%]
L100000102214;Kutch Welspun power station;23,1175;70,0822;India;23,65;"Welspun India Ltd [77.0%]; unknown [23.0%]"
L100000102657;Lal Kuan Mill power station;29,062378;79,521661;India;23,65;BK Birla Group
L100000102638;Lalitpur power project;24,795833;78,646944;India;363;Bajaj Group [100.0%]
L100000102162;Lanco Amarkantak Thermal Power Project;22,2454;82,7246;India;165;Adani Power Ltd [100.0%]
L100000102479;Lanjigarh Refinery power station;19,711863;83,397785;India;16,5;Vedanta Inc [100.0%]
L100000102164;Lara Integrated Thermal Power Project;21,757661;83,457545;India;440;NTPC Ltd [100.0%]
L100000105026;Maadurga Thermal power station;20,57622;86,020728;India;16,5;Maadurga Thermal Power Co Ltd [100.0%]
L100000102275;Mahadev Prasad Super Thermal Power Plant;22,836504;86,061294;India;148,5;"Adhunik Metaliks Ltd; Mahanada Suppliers Pvt Ltd; small shareholder(s); Sunrwoth Stocks Pvt Ltd"
L100000102347;Mahan Aluminium power station;24,220902;82,437197;India;82,5;Hindalco Industries Ltd [100.0%]
L100000102348;Mahan Super Thermal Power Project;24,008674;82,41703;India;330;"Adani Power Ltd [74.0%]; Reliance Industries Ltd [26.0%]"
L100000102238;Mahatma Gandhi power station;28,488143;76,352534;India;363;"CLP Holdings Ltd [50.0%]; Province of Quebec [50.0%]"
L100000102276;Maithon Right Bank Thermal Power Station;23,8209;86,76;India;288,75;"Tata Power Co Ltd [74.0%]; Damodar Valley Corp [26.0%]"
L100000102052;Makavarapalem Smelter power station;17,466444;82,961361;India;24,75;"Penna Group; Ras Al Khaimah Investment Authority"
L100000102414;Manikgarh Cement power station;19,721222;79,174604;India;16,5;BK Birla Group
L100000102639;Maqsoodpur power station;27,81;79,94;India;24,75;Bajaj Group [100.0%]
L100000102165;Marwa power station;22,070801;82,602189;India;275;Chhattisgarh State Power Generation Co Ltd [100.0%]
L100000102415;Mauda power station;21,18074;79,396541;India;275;NTPC Ltd [100.0%]
L100000102053;Meenakshi Energy Thermal Power Project;14,211195;80,090062;India;82,5;Vedanta Ltd [100.0%]
L100000102640;Meja Thermal Power Project;25,145867;81,940096;India;363;"NTPC Ltd [50.0%]; Uttar Pradesh Rajya Vidyut Utpadan Nigam Ltd [50.0%]"
L100000102680;Mejia power station;23,4639;87,1311;India;275;Damodar Valley Corp [100.0%]
L100001000101;Mellacheruvu Cement power station;16,809733;79,915132;India;33;"My Home Constructions Pvt Ltd [47.4%]; My Home Holdings Pvt Ltd [28.8%]; CRH India Investments BV [12.5%]; Jupally Real Estate Developers Pvt Ltd [11.4%]; natural person(s) [0.0%]"
L100000102481;Meramandali power station;20,8072919;85,2531512;India;82,5;Tata Steel Ltd [100.0%]
L100000102560;Mettur Siscol power station;11,814008;77,919073;India;16,5;JSW Holdings Ltd [100.0%]
L100000102561;Mettur Thermal Power Station;11,7720201;77,8141046;India;115,5;TNEB Ltd
L100000102417;MIHAN Power Project;21,0377;78,9334;India;33,825;"Corporate Ispat Alloys Ltd [10.9%]; unknown [2.1%]; Abhijeet Ventures Ltd"
L100000102353;MP Amarkantak power station;23,162146;81,632816;India;115,5;Madhya Pradesh Power Generating Co Ltd [100.0%]
L100000102217;Mundra Thermal Power Project (Adani);22,8234904;69,5534831;India;363;Adani Power Ltd [100.0%]
L100000102055;Muthukur Mandal power station (Painampuram);14,351195;80,143086;India;363;Tanweer Infrastructure SAOC
L100000102562;Mutiara Coastal Energen Thermal Power Plant;8,912716;78,144965;India;330;Coal & Oil Group
L100000102112;Muzaffarpur power station;26,194771;85,303302;India;107,25;NTPC Ltd [100.0%]
L100000102113;Nabinagar Super Thermal Power Project;24,776;84,158025;India;363;NTPC Ltd [100.0%]
L100000102114;Nabinagar Thermal Power Project;24,705081;84,088738;India;137,5;"NTPC Ltd [74.0%]; Indian Railways [26.0%]"
L100000102563;Nagai Nagapattinam Power Project;10,824085;79,753828;India;82,5;"KVK Energy & Infrastructure Pvt Ltd [21.9%]; Koya & Company Construction Ltd; Megha Engineering & Infrastructures Ltd"
L100000102419;Nardana Vaghode power station;21,15103;74,854206;India;82,5;Jindal Power Ltd
L100000102420;Nasik MAHAGENCO Thermal Power Station;19,9814589;73,8920556;India;115,5;MSEB Holding Co Ltd [100.0%]
L100000102421;Nasik RattanIndia Thermal Power Project;19,866659;74,081749;India;148,5;RattanIndia Power Ltd [100.0%]
L100000102642;National Capital Dadri Thermal Power Plant;28,603;77,6078;India;269,5;NTPC Ltd [100.0%]
L100000102059;Nellore power station;14,490572;79,986949;India;16,5;Andhra Pradesh Power Generation Corp Ltd [100.0%]
L100000102565;New Neyveli Thermal Power Station;11,547055;79,44289;India;275;NLC India Ltd [100.0%]
L100000102355;Newari power station;22,95946;78,731804;India;24,75;BLA Projects Pvt Ltd [100.0%]
L100000102566;Neyveli Thermal Power Station I;11,5464825;79,4445033;India;115,5;NLC India Ltd [100.0%]
L100000102567;Neyveli Thermal Power Station II;11,5575892;79,4415697;India;115,5;NLC India Ltd [100.0%]
L100000102568;Neyveli Zero power station;11,5401;79,4159;India;137,5;Abu Dhabi National Energy Company PJSC
L100000102569;North Chennai Thermal Power Station;13,253013;80,327804;India;330;TNEB Ltd
L100000102278;North Karanpura power station;23,850772;85,012411;India;363;NTPC Ltd [100.0%]
L100000102340;NTPC Seoni power station;22,735479;79,912341;India;330;"NTPC Ltd [50.0%]; unknown [41.3%]; Yes Bank Ltd [8.7%]"
L100000102644;Obra Thermal Power Station;24,4445803;82,9803325;India;110;Uttar Pradesh Rajya Vidyut Utpadan Nigam Ltd [100.0%]
L100000102279;Palamau Plant power station;24,22902;83,885832;India;16,5;Grasim Industries Ltd [100.0%]
L100000102600;Paloncha power station;17,5824568;80,6727084;India;16,5;Nava Ltd [100.0%]
L100000102239;Panipat power station;29,3975059;76,8763161;India;115,5;Haryana Power Generation Co Ltd [100.0%]
L100000102486;Paradip Oswal power station;20,31;86,64;India;30,25;Oswal Greentech Ltd [100.0%]
L100000102487;Paradip power station;20,31221;86,645829;India;16,5;"unknown [19.0%]; Essar Energy Ltd; Triton Trust; Virgo Trust"
L100000102422;Paras power station;20,7147;76,7948;India;137,5;MSEB Holding Co Ltd [100.0%]
L100000102423;Parbhani Renuka power station;19,267918;76,435742;India;16,5;Shree Renuka Sugars Ltd [100.0%]
L100000102646;Parichha power station;25,513571;78,757918;India;115,5;Uttar Pradesh Rajya Vidyut Utpadan Nigam Ltd [100.0%]
L100000102424;Parli Thermal Power Station;18,9075857;76,5429497;India;137,5;MSEB Holding Co Ltd [100.0%]
L100000102601;Pegadapalli (Jaipur Mandal) power station;18,827056;79,570284;India;330;The Singareni Collieries Co Ltd [100.0%]
L100000102426;Pune Mill power station;18,53;73,84;India;16,5;Sinarmas Pulp & Paper Pvt Ltd [100.0%]
L100000102681;Raghunathpur Thermal Power Station;23,62191;86,660703;India;330;Damodar Valley Corp [100.0%]
L100000102309;Raichur Thermal Power Station;16,3532;77,3422;India;115,5;Karnataka Power Corp Ltd [100.0%]
L100000102167;Raigarh Ind Power power station;21,898611;83,464722;India;35,75;"JSW Energy Ltd; unknown"
L100000102168;Raigarh Jindal power station;21,924951;83,345444;India;30,25;Jindal Steel & Power Ltd [100.0%]
L100000102169;Raigarh TRN Power Project;21,906738;83,128556;India;165;ACB (India) Ltd [74.0%]
L100000102173;Raikheda power station;21,449918;81,852474;India;376,75;Adani Power Ltd [100.0%]
L100000102174;Raipur Jain power station;20,916667;82;India;24,75;Hira Group
L100000102175;Raipur Neco power station;20,916667;82;India;30,25;Jayaswal Neco Industries Ltd [100.0%]
L100000102176;Raipur Sponge Iron power station;21,987781;83,231306;India;20,625;JSW Steel Ltd [100.0%]
L100000102240;Rajiv Gandhi Thermal Power Project;29,34698;75,857538;India;330;Haryana Power Generation Co Ltd [100.0%]
L100000102532;Rajpura Dariba Mine power station;24,947776;74,131622;India;44;Hindustan Zinc Ltd [100.0%]
L100000102515;Rajpura Thermal Power Project;30,558963;76,577593;India;385;Larsen & Toubro Ltd [100.0%]
L100000102602;Ramagundam power station;18,7584502;79,4573172;India;275;NTPC Ltd [100.0%]
L100000102490;Randia power station;21,067296;86,454828;India;27,5;FACOR Group
L100000102177;Ratija Power Project;22,339994;82,492776;India;27,5;ACB (India) Ltd [100.0%]
L100000102428;Ratnagiri Power Plant;17,296375;73,213105;India;165;JSW Energy Ltd [100.0%]
L100000102178;Rawan Cement power station;24,764914;74,609613;India;16,5;UltraTech Cement Ltd [100.0%]
L100000102491;Rayagada Paper power station;19,246167;83,41243;India;30,25;JK Paper Ltd [100.0%]
L100000102066;Rayalaseema Thermal Power Project;14,697282;78,459364;India;115,5;Andhra Pradesh Power Generation Corp Ltd [100.0%]
L100000102492;Rengali Bhushan power station;21,680814;84,040505;India;22;"JSW Steel Ltd [83.3%]; JSW Shipping & Logistics Pvt Ltd [16.7%]"
L100000102648;Renusagar power station;24,181093;82,791279;India;37,125;Hindalco Industries Ltd [100.0%]
L100000102649;Rihand power station;24,027;82,7915;India;275;NTPC Ltd [100.0%]
L100000102516;Ropar power station;31,0418094;76,5845001;India;115,5;Punjab State Power Corp Ltd [100.0%]
L100000102650;Rosa Thermal Power Plant;27,8194455;79,9371618;India;165;Reliance Power Ltd [100.0%]
L100000102494;Rourkela Works-2 power station;22,221;84,880551;India;33;"NTPC Ltd [50.0%]; Steel Authority of India Ltd [50.0%]"
L100000102223;Sabarmati power station;23,070555;72,593889;India;66;Torrent Power Ltd [100.0%]
L100000102684;Sagardighi Thermal Power Station;24,3688141;88,1040001;India;275;The West Bengal Power Development Corp Ltd [100.0%]
L100000102067;Saggonda power station;16,43;81,09;India;18,15;The Andhra Sugars Ltd [100.0%]
L100000102224;Salaya power plant;22,3049;69,7101;India;330;"unknown [19.0%]; Essar Energy Ltd; Triton Trust; Virgo Trust"
L100000102571;Salem Siscol power station;11,814008;77,919073;India;16,5;JSW Steel Ltd [100.0%]
L100000102179;Salora power station;22,489952;82,606239;India;74,25;Vandanaa Group
L100001000147;Sanghipuram Cement power station;23,40145;68,56996;India;33;Sanghi Industries Ltd [100.0%]
L100000102359;Sanjay Gandhi power station;23,305744;81,064817;India;115,5;Madhya Pradesh Power Generating Co Ltd [100.0%]
L100000102686;Santaldih Thermal Power Station;23,6013;86,4666;India;137,5;NTPC Ltd [100.0%]
L100000102360;Sasan Ultra Mega Power Project;23,9775233;82,6264733;India;363;Reliance Power Ltd [100.0%]
L100000102361;Satpura Thermal Power Station;22,108133;78,177072;India;137,5;Madhya Pradesh Power Generating Co Ltd [100.0%]
L100000102574;SEPC Tuticorin power station;8,75533;78,158433;India;288,75;Megha Engineering & Infrastructures Ltd [100.0%]
L100000102366;Shree Singaji Thermal Power Project;22,09914;76,531727;India;363;Madhya Pradesh Power Generating Co Ltd [100.0%]
L100000102533;Shriram Rayons power station;25,138396;75,883598;India;77,55;DCM Shriram Industries Ltd [100.0%]
L100000102367;Sidhi Cement Plant power station;24,326294;81,332817;India;19,25;UltraTech Cement Ltd [100.0%]
L100000102225;Sikka Thermal Power Station;22,420828;69,8276;India;137,5;Gujarat Urja Vikas Nigam Ltd [100.0%]
L100000102183;Siltara SKS power station;21,391385;81,646357;India;16,5;Agritrade Resources Ltd
L100000102184;Siltara Works power station;20,916667;82;India;16,5;Godawari Power and Ispat Ltd [100.0%]
L100000102068;Simhadri power station;17,591;83,09166;India;275;NTPC Ltd [100.0%]
L100000102073;Simhapuri Thamminapatnam power station;14,204576;80,086636;India;82,5;Jindal Power Ltd [100.0%]
L100000102652;Singrauli Super Thermal Power Station;24,1042119;82,7063552;India;110;NTPC Ltd [100.0%]
L100000102185;Sipat power station;22,131662;82,29035;India;363;NTPC Ltd [100.0%]
L100000102606;Sitapuram Cement power station;17,054159;79,269791;India;23,65;KSK Energy Ventures Ltd [100.0%]
L100000102431;Solapur power station;17,551296;75,9832;India;363;NTPC Ltd [100.0%]
L100000102688;Southern CESC power station;22,549591;88,291512;India;37,125;CESC Ltd [100.0%]
L100000102071;Sri Damodaram Sanjeevaiah Thermal Power Station;14,327604;80,122105;India;440;Andhra Pradesh Power Generation Corp Ltd [100.0%]
L100000102228;Surat Lignite Power Plant;21,397304;73,106993;India;68,75;Gujarat Industries Power Co Ltd
L100000102534;Suratgarh Super Thermal Power Station;29,181766;74,018741;India;137,5;Rajasthan Rajya Vidyut Utpadan Nigam Ltd [100.0%]
L100000102188;SVPL power station;22,292;82,5254;India;34,65;ACB (India) Ltd [100.0%]
L100000102502;Talcher Kaniha Super Thermal Power Station;21,0970667;85,0750266;India;275;NTPC Ltd [100.0%]
L100000102518;Talwandi Sabo Power Project;29,92458;75,238929;India;363;Vedanta Inc [100.0%]
L100000102189;Tamnar power station;22,098747;83,451312;India;137,5;Jindal Steel & Power Ltd [100.0%]
L100000102653;Tanda power station;26,5894846;82,601235;India;60,5;NTPC Ltd [100.0%]
L100000102230;Tata Mundra Ultra Mega Power Project;22,8158;69,5281;India;440;Tata Power Co Ltd [100.0%]
L100000102287;Tenughat power station;23,7276632;85,7652325;India;115,5;Tenughat Vidyut Nigam Ltd [100.0%]
L100000102432;Tiroda Thermal Power Project;21,412502;79,96731;India;363;Adani Power Ltd [100.0%]
L100000102689;Titagarh power station;22,731974;88,370309;India;33;CESC Ltd [100.0%]
L100000102433;Trombay power station;19,0027;72,8979;India;275;Tata Power Co Ltd [100.0%]
L100000102550;Tulsyan Steel Gummidipoondi captive power station;13,416421;80,056944;India;19,25;Tulsyan NEC Ltd [100.0%]
L100000102584;Tuticorin NTPL power station;8,760363;78,171083;India;275;"NLC India Ltd [89.0%]; TNEB Ltd"
L100000102586;Tuticorin Smelter power station;8,816981;78,0899754;India;44;Vedanta Inc [100.0%]
L100000102587;Tuticorin Thermal Power Station;8,762518;78,175976;India;115,5;TNEB Ltd
L100000102190;Uchpinda power station;21,8864;83,12081;India;198;"Mudajaya Group Bhd; R.K. Powergen Pvt Ltd"
L100000102311;Udupi power station;13,1596;74,8002;India;330;Adani Power Ltd [100.0%]
L100000102231;Ukai Thermal Power Station;21,2093;73,5574;India;110;Gujarat Urja Vikas Nigam Ltd [100.0%]
L100000102506;Utkal Smelter power station;19,24;83,412;India;16,5;Hindalco Industries Ltd [100.0%]
L100000102654;Utraula power station;27,43;82,18;India;24,75;Bajaj Group [100.0%]
L100000102312;Vadlur power station;16,3015842;77,3615384;India;19,25;Surana Industries Ltd
L100000102590;Vallur Thermal Power Plant;13,237131;80,301754;India;275;"NTPC Ltd [50.0%]; TNEB Ltd"
L100000102232;Vilayat Caustic power station;21,697468;72,592506;India;16,5;Grasim Industries Ltd [100.0%]
L100000102371;Vindhyachal power station;24,0983;82,6719;India;115,5;NTPC Ltd [100.0%]
L100000102079;Visakhapatnam Sarda power station;17,466444;82,961361;India;46,2;Sarda Energy & Minerals Ltd
L100000102081;Vizag Simhadri power station;17,636926;83,193133;India;27,5;Steel Exchange India Ltd [100.0%]
L100000102082;Vizag Steel Plant power station;17,606547;83,196713;India;33;Rashtriya Ispat Nigam Ltd [100.0%]
L100000102083;Vizag Thermal Power Plant;17,563642;83,138877;India;286;Hinduja Group Ltd
L100000102535;VS Lignite Plant;27,8567;72,8577;India;74,25;KSK Energy Ventures Ltd [100.0%]
L100000102233;Wanakbori Thermal Power Station;22,8725375;73,3588028;India;115,5;Gujarat Urja Vikas Nigam Ltd [100.0%]
L100000102436;Wardha Warora Power Plant;20,272443;78,978916;India;74,25;"KCR Enterprise LLP; Sri City Pvt Ltd"
L100000102437;Wardha Works power station;20,46;79,8;India;22;Vidarbha Power Company Pvt Ltd
L100000102608;Yadadri power station;16,708219;79,581184;India;440;Telangana State Power Generation Corp Ltd [100.0%]
L100000102315;Yermarus power station;16,295261;77,35612;India;440;"Karnataka Power Corp Ltd [77.9%]; Bharat Heavy Electricals Ltd [22.1%]"
L100000102536;Zawar Mines power station;24,58;73,68;India;44;Hindustan Zinc Ltd [100.0%]
T01180;Bedi Port Coal Terminal;22,515273;70,029323;India;6;Gujarat Maritime Board
T01183;Cochin Port Coal Terminal;9,961316;76,265212;India;35;Cochin Port Trust
T01155;Dahej Port Coal Terminal;21,692444;72,534056;India;20;Adani Group
T01154;Dhamra Port Coal Terminal;20,823283;86,964602;India;25;Adani Group
T01162;East Quay Coal Terminal;20,278703;86,671786;India;30;JSW Infrastructure
T01178;Gangavaram Port Coal Terminal;17,616667;83,233333;India;20;Gangavaram Port Ltd.
T01181;Haldia Port Coal Terminal;22,037654;88,091404;India;20;Government of India
T01175;Hazira Port (Essar) Coal Terminal;21,09226154;72,65725305;India;50;"Essar Group (74%); AM/NS (26%)"
T01059;Jaigarh Port Coal Terminal;17,303945;73,208429;India;5;JSW Group
T01184;Jaigarh Port Coal Terminal;17,303945;73,208429;India;55;JSW Group
T01171;JSW Dharamtar Port Coal Terminal;18,704952;73,027153;India;8;JSW Group
T01160;Kakinada Port Coal Terminal;16,971284;82,281686;India;14;Kakinada Seaports, Bothra Group
T01157;Kamarajar Port Coal Terminal;13,258618;80,340732;India;26;TANGEDCO
T01182;Karaikal Port Coal Terminal;10,84241;79,843483;India;20;-
T01156;Kattupalli Port Coal Terminal;13,31458876;80,34693934;India;18;Adani Group
T01179;Kolkata Dock System Coal Terminal;22,53257719;88,31109958;India;3;Kolkata Port Trust
T01170;Krishnapatnam Port Coal Terminal;14,251926;80,125759;India;64;Adani Group
T01174;Magadalla Port Coal Terminal;21,140539;72,736402;India;6,5;Gujarat Maritime Board
T01173;Mormugao Port Coal Terminal;15,41315547;73,79665519;India;12,5;Mormugao Port Trust (MPT)
T01161;Muldwarka Port Coal Terminal;20,77583;70,60861;India;2,2;Gujarat Maritime Board
T01166;Mundra Port Coal Terminal;22,75486744;69,55996119;India;60;Adani Group
T01168;Navlakhi Port Coal Terminal;22,957297;70,449298;India;8;Gujarat Maritime Board
T01167;New Mangalore Port Coal Terminal;12,922086;74,815178;India;21;"New Mangalore Port Trust (NMPT); JSW Infrastructure Ltd."
T01158;Okha Port Coal Terminal;22,470229;69,081688;India;5;Gujarat Maritime Board
T01163;Paradip Port Coal Terminal;20,278703;86,671786;India;25;Paradip Port Trust (PPT)
T01153;Pipavav Port Coal Terminal;20,922441;71,507478;India;4;APM Terminals
T01172;Porbandar Port Coal Terminal;21,640436;69,593775;India;3;Gujarat Maritime Board
T01159;Salaya Port Coal Terminal;22,367169;69,621535;India;7,5;Essar Group
T01164;Sikka Port Coal Terminal;22,433723;69,820199;India;3;Shree Cement
T01169;Trombay Coal Terminal;18,991606;72,908227;India;2,4;Tata Group
T01165;Tuna Tekra Port Coal Terminal;22,9076453;70,1043606;India;20;Adani Group
T01176;Tuticorin Port Coal Terminal;8,756765311;78,21200194;India;29;V.O. Chidambaranar Port Trust
T01177;Visakhapatnam Port Coal Terminal;17,68333;83,2833;India;19,7;Visakhapatnam Port Trust (VPT)